component,name,max,average,percentile_50.0,percentile_75.0,percentile_80.0,percentile_85.0,percentile_90.0,percentile_95.0,percentile_99.0,percentile_99.9,capacity,instance_cnt,plan_max,plan_average,plan_percentile_50.0,plan_percentile_75.0,plan_percentile_80.0,plan_percentile_85.0,plan_percentile_90.0,plan_percentile_95.0,plan_percentile_99.0,plan_percentile_99.9
tidb,CPU(core),1.971999999997206,0.6484819444444239,0.5013333333306946,0.5213333333337989,0.527999999995809,0.5399999999984478,1.7928666666673965,1.9193333333321305,1.944666666667947,1.9623739999998828,64,1,0.07394999999989522,0.024318072916665896,0.01879999999990105,0.01955000000001746,0.01979999999984284,0.020249999999941794,0.06723250000002737,0.0719749999999549,0.07292500000004801,0.0735890249999956
tidb,Memory(byte),52877537280.0,48315719338.666664,48249675776.0,48339423232.0,48340172800.0,48341045248.0,48645435392.0,49611321344.0,51289120768.0,52877537280.0,264405405696,1,0.490932978952773,0.4485795149568987,0.4479663441356308,0.44879958993704183,0.44880654918041996,0.4488146492833683,0.45164071055332655,0.4606083231188109,0.47618558166146835,0.490932978952773
tidb,Disk IOPS,14.266666666666667,1.3519386574074075,1.2083333333333333,1.3083333333333333,1.35,1.425,1.5925000000000011,1.9087499999999997,3.7563333333333198,13.152700000000353,80000,1,0.00042800000000000005,4.0558159722222224e-05,3.625e-05,3.925e-05,4.05e-05,4.275e-05,4.7775000000000036e-05,5.7262499999999996e-05,0.00011268999999999957,0.00039458100000001054
tidb,Disk Bandwidth(byte),158557.86666666667,9282.607407407408,7287.466666666666,8017.066666666667,8354.986666666668,9362.346666666654,14884.266666666676,16765.866666666665,38226.218666666624,143540.4757333354,2490368000,1,0.00015280427631578949,8.94576937134503e-06,7.023026315789473e-06,7.726151315789473e-06,8.051809210526317e-06,9.022615131578935e-06,1.4344161184210534e-05,1.6157483552631575e-05,3.683910361842101e-05,0.0001383318215460546
tidb,NetworkIn Bandwidth(byte),691599.0166666667,379735.36943287036,389140.42500000005,404281.5375,408812.95,413178.45166666666,420356.7966666667,433342.8541666666,457121.6174999997,499538.1365166682,26843545600,1,6.18337705731392e-05,3.395098770554695e-05,3.479186519980431e-05,3.61455861479044e-05,3.655072599649429e-05,3.6941032260656356e-05,3.758282631635666e-05,3.87438703328371e-05,4.0869857445359206e-05,4.4662189768254896e-05
tidb,NetworkOut Bandwidth(byte),26338787.933333334,493881.2635763889,479110.07500000007,490237.05,493809.7766666667,498069.20083333337,503901.5383333334,510656.49249999993,522674.9243333333,11600774.025852926,26843545600,1,0.002354871147871017,4.415642591503759e-05,4.2835778743028645e-05,4.3830607831478115e-05,4.4150034487247465e-05,4.4530856683850285e-05,4.5052308291196826e-05,4.565624825656413e-05,4.673077979683876e-05,0.0010371900223958128
tidb-ac-1849724143851802624,CPU(core),31.598000000044703,9.92221354166669,9.776333333334575,12.730999999990065,13.374800000004472,14.076099999984727,14.982733333346745,16.38210000003067,19.773366666654123,25.047450000012578,64,12,14.219100000020115,4.464996093750011,4.399350000000559,5.728949999995529,6.018660000002011,6.3342449999931265,6.742230000006035,7.371945000013801,8.898014999994356,11.27135250000566
tidb-ac-1849724143851802624,Memory(byte),115978194944.0,88170492736.94815,87765688320.0,89302542336.0,89740029952.0,90250243276.8,91032005836.8,92631529676.79999,96929104076.8,104638357348.3524,264405405696,12,12.921370472136333,9.823256879579954,9.778156782594742,9.949380865810687,9.998122265571538,10.054966186902998,10.142063969929223,10.320270227800659,10.799071876513867,11.657975721614717
tidb-ac-1849724143851802624,Disk IOPS,474.275,20.58001736111111,19.7,24.775,26.008333333333333,27.33458333333333,28.84166666666667,30.925,34.96358333333331,219.89179166669194,80000,12,0.17073899999999997,0.007408806249999999,0.0070919999999999985,0.008919,0.009363,0.009840449999999999,0.010383,0.011133,0.012586889999999991,0.0791610450000091
tidb-ac-1849724143851802624,Disk Bandwidth(byte),86276270.93333335,2536592.957283951,2279722.6666666665,3146588.8000000003,3360029.0133333337,3593841.92,3864611.8400000003,4115114.453333333,4571411.370666666,44022610.78613407,2490368000,12,0.9977467598684213,0.029334571103458516,0.026363980263157893,0.036388902138157896,0.03885724342105264,0.04156118585526315,0.04469251973684211,0.04758947121710526,0.05286634243421051,0.5091019442269822
tidb-ac-1849724143851802624,NetworkIn Bandwidth(byte),383540925.8,28595160.63442708,17469744.30833333,35348276.19583333,43309812.54666667,53174682.71666666,66288674.035000004,88999083.02166665,150658252.92366663,239972231.68517408,26843545600,12,0.4114947715044021,0.030679279054384678,0.018743002268671986,0.037924586029350754,0.046466387858390815,0.05705024533867835,0.07112003163278104,0.0954856571191549,0.16163876966392987,0.2574622732599457
tidb-ac-1849724143851802624,NetworkOut Bandwidth(byte),2170413987.6666665,29682884.305408955,25057065.025,36099435.87916666,39308210.58666667,43737890.37916667,49895961.936666675,61519456.24249999,92737622.94516657,207365144.11420995,26843545600,12,2.3286015855073927,0.03184627994879253,0.026883314278721804,0.03873049293905496,0.04217313471794129,0.04692566554695368,0.05353255956530572,0.06600321604996917,0.09949667531329381,0.222478663567053
tidb-ac-1895731617394069504,CPU(core),37.4073333332936,14.791160055556208,14.808666666659217,18.82750000000621,19.886666666716337,20.84143333327646,21.96333333340784,23.611399999993537,27.208720000054697,32.028023999995085,64,25,35.06937499996275,13.866712552083946,13.883124999993015,17.650781250005824,18.643750000046566,19.53884374994668,20.59062500006985,22.135687499993942,25.508175000051274,30.026272499995393
tidb-ac-1895731617394069504,Memory(byte),142456422400.0,95966520577.13777,95064213504.0,97444618240.0,98152669184.0,98767260467.2,99617491353.6,101656972083.19998,113850663526.40001,121429842595.8411,264405405696,25,33.065342779418174,22.27464262243854,22.065209504837,22.617721615021722,22.782066238972146,22.924718083696913,23.12206387707593,23.595444636469768,26.425703746752372,28.184895432852596
tidb-ac-1895731617394069504,Disk IOPS,50.88333333333333,28.623122453703708,28.316666666666666,32.958333333333336,34.18333333333334,35.63333333333333,37.483333333333334,39.7,43.82508333333335,47.15001666666674,80000,25,0.038162499999999995,0.021467341840277775,0.021237499999999996,0.02471875,0.0256375,0.026725,0.0281125,0.029775,0.03286881250000001,0.035362512500000054
tidb-ac-1895731617394069504,Disk Bandwidth(byte),7342835.2,3087826.9717333335,2969026.133333334,3790288.0,4015374.5066666673,4289744.426666667,4591785.8133333335,5051084.799999999,5955022.762666667,6640653.683200019,2490368000,25,0.17690964226973685,0.07439447435238486,0.07153222656250001,0.09131874486019735,0.09674171463815791,0.10335206106085526,0.11062909128289475,0.12169490131578944,0.14347332031249999,0.15999210598273073
tidb-ac-1895731617394069504,NetworkIn Bandwidth(byte),222843753.68333334,24001876.653471757,22301331.725,28351354.12083333,29888856.55,31752939.781666666,34250976.18000001,39921262.54916659,87193228.37050001,106963773.25601786,26843545600,25,0.49809460420161483,0.05364837494523471,0.04984736083075404,0.06337021467275916,0.0668068004027009,0.07097335110977292,0.07655689756572248,0.08923097524605673,0.19489205264411869,0.23908266407851397
tidb-ac-1895731617394069504,NetworkOut Bandwidth(byte),84823973.50000001,37446268.99962639,37241141.9,46944351.90833334,49331515.010000005,51436524.17333333,53813304.47333334,57217127.95666666,64050568.29716668,74037729.50445005,26843545600,25,0.18959635533392433,0.08369893357074198,0.08324043877422808,0.10492880323901774,0.11026452856510877,0.11496959069371222,0.12028210864961147,0.12789024700969456,0.14316417641304435,0.1654872212658451
tikv,CPU(core),18.375,9.116684656803542,9.075,10.341666666666667,10.616666666666667,10.925,11.308333333333334,11.9,13.175,15.485675000000143,32,138,190.18125,94.35768619791666,93.92625,107.03625,109.88250000000001,113.07375,117.04125,123.16499999999999,136.36125,160.27673625000145
tikv,Memory(byte),86260953088.0,83293724228.6583,83673595904.0,84045841408.0,84140448972.8,84256134963.2,84405961932.8,84649308364.8,85204268072.96,85693808001.024,132124860416,138,216.23203667192587,208.79402542166034,209.74625726112677,210.67937242610498,210.916527079386,211.20651943888475,211.5820936659854,212.19209497856684,213.58322345176927,214.810362868714
tikv,Storage(byte),1754554886475.0,1647153307994.1987,1700298419984.0,1712515869505.75,1715433748714.2,1718636678288.25,1722560188633.4,1727831287766.7,1736858621965.66,1746034176834.5432,2641059045376,138,220.02862049522608,206.5600072678466,213.22462959874048,214.7567495597418,215.12266398165926,215.5243249277796,216.0163497572088,216.67736793323388,217.8094339095437,218.960087386184
tiflash,CPU(core),9.0,4.609658564814814,4.541666666666667,5.083333333333333,5.233333333333333,5.425,5.641666666666667,5.925,7.348416666666663,8.478691666666707,32,8,5.3999999999999995,2.765795138888888,2.725,3.05,3.14,3.255,3.385,3.5549999999999997,4.409049999999997,5.0872150000000245
tiflash,Memory(byte),79453630464.0,54621325589.68889,57058379776.0,57769124864.0,57932475596.8,58134827622.4,58401045299.2,58880480665.6,60018310430.72,62504035725.3122,267046625280,8,5.712521936232274,3.9271398776240947,4.102358120236643,4.153458955812797,4.165203474458076,4.179752090780962,4.198892491410255,4.233362723060734,4.31516990361356,4.493887480014794
tiflash,Storage(byte),2734638291061.0,2702076721464.7065,2716196010524.0,2721129688635.5,2721929202525.6,2723414158741.8,2728910234144.9,2730329507989.05,2732524703189.74,2733972476432.622,4327864287232,8,12.131862670294634,11.987407554617086,12.050045921244754,12.071933534500157,12.075480472590431,12.082068285298687,12.10645090007957,12.112747321593544,12.12248601602941,12.128908871372943
tiflash,Disk IOPS,5065.041666666666,2825.9705512152777,2917.145833333333,3277.291666666667,3348.2533333333336,3422.7054166666667,3511.285,3637.9779166666667,3959.625833333333,4642.775350000075,16000,8,6.078049999999999,3.3911646614583333,3.5005749999999995,3.93275,4.017904,4.1072465000000005,4.2135419999999995,4.365573499999999,4.751550999999999,5.57133042000009
tiflash,Disk Bandwidth(byte),276365056.0,67456193.33925925,64757862.400000006,82356272.0,86242135.03999999,90418352.64,94127657.38666667,98892663.46666665,107958032.51199993,243902556.38187307,1245184000,8,4.261385526315789,1.0401345601242689,0.9985278947368422,1.2698849506578946,1.3298026578947368,1.3941974605263157,1.4513927434210527,1.5248663157894735,1.6646489388157883,3.760833003421151
tiflash,NetworkIn Bandwidth(byte),96988452.9,10672644.22279369,8894176.791666668,11599630.5875,12748294.040000003,14357451.251666665,16938254.188333336,23095614.65583331,36615122.75983331,65024275.72171689,1610612736,8,1.156192456483841,0.12722783354274858,0.10602684964736303,0.13827837213873864,0.15197150754928593,0.1711541563471158,0.2019197248021762,0.27532118148605,0.436486277101437,0.7751497712339983
tiflash,NetworkOut Bandwidth(byte),101572601.58333334,17862250.535253186,15684872.233333332,21844391.262500003,24351412.283333335,27330594.489166666,32264709.401666682,39098925.72749999,50640983.845,66137044.978451185,1610612736,8,1.2108397672573725,0.21293461960855942,0.18697824756304424,0.2604054363071919,0.29029145578543347,0.32580607520540555,0.3846253085335098,0.46609551581740366,0.603687570631504,0.788415014486923
pd,CPU(core),36.6480000000447,8.828157407407595,0.0929999999993015,23.956999999998757,25.034799999967216,25.814133333284406,26.71353333329161,29.072733333371588,33.76906000004216,35.55871666669662,64,3,4.122900000005028,0.9931677083333543,0.010462499999921418,2.69516249999986,2.8164149999963115,2.9040899999944956,3.005272499995306,3.2706825000043036,3.7990192500047426,4.000355625003369
pd,Memory(byte),23609380864.0,15167620750.222221,12257878016.0,22618469376.0,22716787916.8,22823855513.6,22917868748.8,23046145228.8,23381409792.0,23488940752.896,132648226816,3,1.2814912517194397,0.823281788403277,0.6653441499645775,1.2277056649471678,1.2330422873110831,1.2388537988213675,1.24395673392791,1.2509194403143373,1.2691172324219424,1.2749538948262211
pd,Disk IOPS,341.2666666666667,113.74733989197532,109.62916666666666,115.52916666666667,116.47833333333334,117.50833333333333,119.65083333333334,137.9600000000001,156.99050000000003,333.8752333333341,80000,3,0.030714000000000005,0.010237260590277776,0.009866624999999999,0.010397624999999999,0.01048305,0.01057575,0.010768574999999999,0.012416400000000008,0.014129145000000003,0.030048771000000068
pd,Disk Bandwidth(byte),3037282.1333333333,783134.8177777778,620138.6666666667,972348.7999999999,989912.7466666667,1009077.1200000001,1043390.72,1149107.8399999999,1989964.7146666695,2444778.052266669,2490368000,3,0.008781204769736841,0.0022641515984786185,0.0017929070723684212,0.002811195518092105,0.0028619753289473686,0.0029173821957236843,0.0030165875822368415,0.0033222304687499996,0.00575326455592106,0.007068193125000007
pd,NetworkIn Bandwidth(byte),66632825.88333333,11038808.166608796,295933.85833333334,24438551.483333334,25511501.9,27425430.8525,32229440.64666666,34989297.611666664,66382922.888500005,66588634.388616666,26843545600,3,0.01787231662720442,0.0029608390778147918,7.937564626336099e-05,0.0065549303099513056,0.0068427180379629126,0.007356073786988854,0.00864460962474346,0.009384860947877167,0.01780528742064536,0.017860463544653357
pd,NetworkOut Bandwidth(byte),46662638.78333333,10313478.48248071,299380.9166666666,24778684.75,25390604.33666667,26015773.694999997,27456424.833333336,37628027.69916666,42250538.53216667,44537658.1271334,26843545600,3,0.01251589504033327,0.002766290496061039,8.030021935701369e-05,0.0066461611613631245,0.006810290784537793,0.006977974273413418,0.007364387020468713,0.010092623510733246,0.011332477533504366,0.01194593081308009
